x, y, z, idx
0, 0, 0, 0
0.4104147979704908, 0.4032392518311674, 0.09668152492735078, 1
0.7793791603884048, 0.3437876138422207, 0.3878281505893433, 2
0.4761681155150166, 0.018195562882164517, 0.04887677831236298, 3
0.8498205724177059, 0.8395942780431822, 0.05274269912529661, 4
0.9698077736026144, 0.9676004250411546, 0.5711714218644465, 5
0.23001172983111873, 0.6818197309063466, 0.7245519605470311, 6
0.7599399420332095, 0.7001028062516127, 0.8453548966743227, 7
0.5766780728967841, 0.9821580575381952, 0.6993882181081339, 8
0.6104715423620132, 0.1882239644419313, 0.538258952188862, 9
0.9714908241297023, 0.5976246662961031, 0.5231264032516216, 10
0.31471197056069733, 0.28997896041681714, 0.614488804356227, 11
0.7204003301219112, 0.2822160934168979, 0.22599939506982528, 12
0.036888616053840695, 0.6617877473157121, 0.5158531903214858, 13
0.9815746944056729, 0.05319889592166571, 0.8066470307436333, 14
0.4077277910237247, 0.4292857921453131, 0.17277112947258405, 15
0.8358716873402765, 0.10466487299584687, 0.08446177274131318, 16
0.5462442129309192, 0.5540106027003286, 0.8903350040910755, 17
0.845667914870615, 0.4543827853028274, 0.642575964081597, 18
0.37575752354024533, 0.7090729963885192, 0.5981160041608498, 19
0.9080376587918119, 0.5834868543087488, 0.899865388925142, 20
0.9906608760278387, 0.9797385733082293, 0.2668782457149158, 21
0.7146256643265312, 0.6184100958077186, 0.10028885666373266, 22
0.09704954783604847, 0.06650505454031441, 0.5260467994589011, 23
0.6365877578543958, 0.05812684774818738, 0.4410583346623537, 24
0.5878711145948563, 0.9239552806964663, 0.8606521584085118, 25
0.9414956716275397, 0.22352046751756882, 0.7744704552048906, 26
0.5093769820942666, 0.01087139785340524, 0.6420668541261328, 27
0.21423006745569803, 0.22316086295780108, 0.7068075017165946, 28
0.17294365495097086, 0.33616026372479657, 0.02515652490558129, 29
0.3561819525715828, 0.12298369241069476, 0.28962108407136095, 30
0.23984844568073038, 0.8393430281783005, 0.877801935176511, 31
0.48763660033405043, 0.6387229127656304, 0.42989632479627843, 32
0.01076901509646988, 0.8300034220576304, 0.5857325162559209, 33
0.012505083387402888, 0.39269787907194453, 0.576005337064742, 34
0.10838750478218606, 0.5453154960508976, 0.9835124045265441, 35
0.9874634569209652, 0.3166789355586985, 0.05631405665475275, 36
0.3117120170006379, 0.37913322044308684, -0.30466161750727233, 37
0.45539108736956835, 0.21300078038088344, 0.9729322825121745, 38
0.2706184224171604, 0.6995043308276923, 0.09012252924658015, 39
-0.09567876544521797, 0.3856987628966561, -0.3713516275299555, 40
0.018845176108743145, 0.7746342318511268, 0.9834002004497966, 41
0.22533061206043087, 0.4100582947532808, -1.1200128448089957, 42
0.7265609677803821, 0.930096651757915, 0.027047281698707404, 43
0.03711735408604506, 0.004862751392001097, 0.12708339902552407, 44
0.3658160436766601, 0.8234265877095682, 0.3550739582383887, 45
-0.6444388869903461, 0.25899486252746606, -1.4915237019430247, 46
0.4873198553523919, 0.6502477661099876, -0.48351941024957407, 47
-0.42924809493264304, 1.104521814610792, -1.9542445109955409, 48
1.2369165178691879, 0.5866206298227707, -0.37463705224889954, 49
0.5158360858443067, 0.15028277495776254, -1.3440795376958694, 50
-0.32051950305122945, 0.8298669485068674, -1.6347508295648403, 51
0.19629916178349788, 0.4665066013619439, 0.31666884795149436, 52
0.4152210255122486, 0.4245435189059806, -1.736673388570283, 53
-0.49495009156807557, 0.8441327746308352, -2.4933518229881706, 54
0.6248293740503711, 0.9532114204961435, 0.23622783762037247, 55
0.021154744416866322, 1.6086331876296365, -2.522367001606338, 56
-0.11784381396619875, 0.2808859572568364, -0.5290609755402409, 57
0.6469310427176699, 0.22584895327496024, 0.9734741165841873, 58
-0.7815007307343491, 0.9207443432904996, -2.570586846473388, 59
-0.2719865084644477, 0.626772106240777, -3.1125304222591166, 60
0.007268379858766771, 0.0627539562159829, -0.5952456627202081, 61
-0.6432761374265853, 0.39101619175663255, -1.518895667782082, 62
-0.45499984494046497, 1.2773012535177222, -2.871997762277972, 63
-0.16638619240440905, 2.45208321206823, -2.0749165761874373, 64
-0.4354855192104475, 2.164133175737205, -2.2405962607366163, 65
-0.5495662816849622, 2.1718790758153563, -2.371526236861053, 66
-0.8117284254029121, 1.0907665788353123, -2.66296898314467, 67
-0.6957725233041809, 0.5190850914155798, -0.6053238594335846, 68
-0.9376835920177337, 0.9569666998252714, -1.471491789919088, 69
1.667004541587109, -0.2817689724554282, -0.5075867276777066, 70
0.18126976446395598, -0.634863002563805, -0.6997137822861664, 71
-0.2421544263636787, 3.2994294278730347, -1.362161152457955, 72
-0.2039216690575575, 0.6555936574768947, -0.938226246778524, 73
-1.3624635633566768, 0.7563937987196017, -2.88229748122757, 74
1.623298772738484, -0.3042569077781738, -0.28583471274709193, 75
-0.4876491088094834, 0.32091615984222976, -2.7720520310822003, 76
0.42083854094786166, 0.7528721211113757, -3.1295914109731866, 77
-0.6158305840194833, 2.1493827709408486, -3.1809159141423993, 78
0.09844869059917477, 0.68061600122668, 0.04329236053250396, 79
-0.25630892596910354, 3.8224996517894163, -1.4280387383327893, 80
0.3871968212126927, 1.9401740633137403, -1.3370185931976961, 81
-0.5979854609561273, 0.9351264287227499, -1.8999146070694577, 82
0.17684077877979215, 1.6290034529528072, -2.850304945239102, 83
-1.2399737285323529, 0.5028010191745323, -0.3286260289998395, 84
1.2756231442212367, 0.6652162310534012, -0.2317695360410572, 85
-0.42129286177202246, 0.5885591097077144, -0.44684069993427095, 86
0.8271003102228007, -0.10989601233399893, -1.3646913199865842, 87
-1.1463084278408573, 0.7653143705433746, -1.028552130456149, 88
0.3630903998743032, 1.688459549740256, -1.3876566250880027, 89
-0.7092159303537156, 1.272649961196491, -3.5603682279812707, 90
-0.6838351813282704, 0.4292485046591184, -3.0656215175084025, 91
-0.7439280770678762, 0.7466349914083206, -1.1280425497986701, 92
0.3035893418155088, 0.3024969145633686, -2.507562982843359, 93
0.5462787653378299, 0.9548829246361419, -1.9111521057048484, 94
-0.5226109727982472, 0.8916161234708382, -1.0220778589832709, 95
0.09982645078812079, 1.60700014281446, -2.9363822800900325, 96
-0.09128491740079404, 1.8502908775698543, -2.8682505220200114, 97
0.7560787581493961, 1.2312151689431512, -2.2312504908144537, 98
-0.318664793138816, 0.6294700900951435, -0.3631677730233227, 99
-0.7935394123251337, 0.7075849504433352, -3.550878092555357, 100
0.7953546904551061, 0.614460915978003, -0.6365502135885157, 101
0.15602637588847235, 0.06627476802296794, 0.9695850486057764, 102
-1.2559794454481517, 1.0788437076748205, -2.1310872305779163, 103
-1.3813957837078252, 1.6571902739252664, -2.821022962200105, 104
-0.6378160476383747, 0.5664806556369706, -0.6115760325207622, 105
-0.3681768014527952, 2.974699702087199, -1.5005627739709668, 106
-1.1906387378994672, 0.9084167545746265, -0.8806905692405057, 107
0.45535191869017333, 0.8393399667408944, -1.7151937431959279, 108
-0.02229828221301694, 1.881222839643093, -2.3619116630671733, 109
1.4980948632804578, 0.5910911574338831, -0.0646216023599997, 110
1.8740109490757315, -0.024370776739237765, 0.24324381676687867, 111
0.2191879770505312, 1.9803540253681107, -1.2780273640805178, 112
0.04706852821048868, 0.7850329649839408, -1.4338006650087358, 113
0.6742589867252582, 0.06976154016022296, -0.8507366913539363, 114
0.0644239615085957, 3.5171349879570974, -1.069004725758233, 115
-0.8441818398973271, 0.8861350600380369, -0.3279942665074994, 116
-0.8773984185734442, 0.3284659720826285, -0.09708508562507889, 117
-0.2845437650502756, 1.4368239174400177, -2.0797409529530406, 118
0.3067561385341091, 1.480727089523905, -1.9511174912793154, 119
-0.08087130120147712, -0.00819286200509356, -2.723792405831021, 120
0.5215268258980059, 0.29137690741891753, -0.47295436792246576, 121
0.011044451117531218, 0.2211186838486965, 0.8912811103441426, 122
0.24804988505864217, 0.3891878845687361, -1.008380018495422, 123
-0.5423682494725367, 0.5844918603085594, -1.959614702525094, 124
-1.6331259684589596, 0.14898700145065896, -0.48166359377068313, 125
0.1294594661255289, 0.9963012759400022, 0.974769152242572, 126
-0.9675231958302855, 0.7723326154804696, -2.5067459337473603, 127
0.018542068521195165, 1.0569566193806752, -1.983579324911278, 128
0.4742614749059157, -0.18796807230604698, -1.002079763637416, 129
0.12307414741781131, 0.42702966631137074, -3.078438568900446, 130
0.06935605307346043, -0.1049286207800272, -0.6261539284753486, 131
0.5219184732839864, -0.17320430163172326, -0.45518668948700247, 132
0.47781349930687833, 0.4796642947395118, -1.8189427531134708, 133
0.5345433294607771, 0.3174002018660448, -2.2495005938914496, 134
-1.0460564410766755, 0.5844599504557106, -0.4273859692478481, 135
1.4606029009894066, 0.04375253861931638, -0.39955114070477665, 136
-0.7811322241664123, 0.6845445189670357, -3.440262148895525, 137
0.050148157729712095, 1.435325758476393, -2.891222972001056, 138
-0.46328357423654193, -0.3411016325164819, -0.5887465460148547, 139
0.2631502899022396, 0.5320465938323807, -1.1540395363012788, 140
-0.5698520967849068, 1.7250492793466083, -1.9328758634583065, 141
-0.8747674943531321, -0.0987183830569604, -3.663847020529489, 142
-0.5008296930054373, 0.4760463866778971, -1.6808160419790934, 143
0.9393137094928147, 0.27755450948578886, -1.1548364812262222, 144
-0.3701364829131042, 0.23067744399310297, -1.776482874411395, 145
0.5381709702368899, 0.5640011662476295, -3.06503616057544, 146
-0.6903102866294096, 2.04121363918506, -3.5009522003123337, 147
-0.1695917620099998, 0.19431506368719342, -2.864679151809112, 148
1.0362941206162481, 0.8870685162424051, -1.338421405866077, 149
-1.1034315702086561, 0.46192562572427104, -0.2337196112572129, 150
-0.47037487328476113, 2.769953063521875, -1.2372244810937525, 151
-0.583453110057375, 0.26403305417707984, -0.905621050287265, 152
0.6576198249339257, 1.8913540379628404, -2.697315213472951, 153
0.06458422164446365, 2.1958159278207807, -2.302397165428533, 154
-0.49542903903780816, -0.08907193026520488, -1.0117678581988419, 155
-1.103977416138468, 0.2894899233880762, -0.008373549413845605, 156
-0.49188990283757095, 1.8772198269239893, -3.5310905596892526, 157
-0.29128057483332676, 4.559530625767719, -1.367451511958766, 158
-1.124514320424383, 0.057867616771088926, 0.06927547660870864, 159
1.0052933456843305, 0.2825215947008299, -0.3968333704099632, 160
-1.1261804141439178, 0.5726675188799013, -2.727859177754789, 161
-1.2548708441861636, -0.4346765374157877, -2.040382244590343, 162
-0.6353285454013705, 1.445094045806858, -1.0589415519493395, 163
-1.110487193473952, 0.05593322336165963, 1.057328934522101, 164
0.002454078474378521, 0.45703890323346485, -2.657402618444205, 165
-1.377402874363583, 0.3157395030563648, -0.7320766954535015, 166
0.16532421925149465, 1.033699781494098, -3.408029632870176, 167
0.5100779801224592, 0.6661464464916884, -0.6114715312580871, 168
0.5738152043775089, 2.7534268574810645, -1.7348466500678186, 169
-0.07087462560682378, 0.945348883630034, -2.8254882347877137, 170
1.2688523147137056, 0.5482901298745783, -1.0899673117673139, 171
0.6790277826910325, 2.6005563751496314, -0.8507394376915935, 172
-0.7483666790146335, 2.038270903440352, -2.955210109777255, 173
0.5234988652369654, 1.2314176448285457, -2.479632106184937, 174
0.08803308647134538, 0.9486125162448938, 0.24207336604259855, 175
0.3901318522850329, 2.501385634936244, -1.7465312244516062, 176
0.03813596231272441, 1.0397230153213608, -1.9056795224979561, 177
0.6639242197580334, 0.4808456646796292, -1.845717521219306, 178
0.18578686854996157, 0.7707280035133766, -0.9521279696059416, 179
0.9933836788862698, 0.8188670442134518, 0.9695391216074337, 180
0.14699386941440098, 2.400153918875927, -1.0821786892235798, 181
-0.42578084871578814, 0.747809661445872, -1.4271588865357776, 182
1.0278281237736275, 0.40079336542367916, -2.889473419987986, 183
0.4870348526002099, -0.31271154972869303, -1.488280270633435, 184
-0.8658574527696669, 0.8330252139019452, -0.3112769035667441, 185
1.5559177415345964, 0.4835683860385746, -0.6372224508886501, 186
1.2777655619479338, 1.483481204944866, -0.040177092745387305, 187
0.7528582569394735, 2.555611753564219, -2.8070566804619865, 188
-0.5599884396914778, 0.08193610299240109, 1.4373713418586314, 189
0.9356351567537127, 0.7332707853624054, -2.4951081989836745, 190
0.138403325217533, 1.1325989961433787, -2.893783516188687, 191
-0.008324631842512809, -0.5088647519500055, -2.4943344339677833, 192
-0.3771834553005814, 0.6168444551699821, -2.4974230923111835, 193
-0.23635461092960797, 0.9722322888088063, -3.1644057945981467, 194
2.0700468406696144, -0.11814920912334181, -0.22966290050862836, 195
1.46809068009589, 1.0399197184065203, -0.25379495970712923, 196
0.13821281219465445, -0.14344360096697295, -2.7543487740627013, 197
-1.103548109420729, 0.9072479550864883, -1.2075184841155737, 198
-0.7892166724816891, 0.5548539646645825, -1.3629852072804451, 199
0.5453473405412232, 0.8451053846061741, -2.319144578677447, 200
-0.8047819332584505, 0.9105670558313664, -0.09103758730701658, 201
-0.6964312372201592, 2.8078839319910784, -0.7125092567688953, 202
0.1772649054901425, 0.40232794989625353, -1.6907883149564005, 203
-0.7023492140035166, 0.8629825156063431, -0.7235310255209426, 204
0.643786950439796, 0.5148564925294364, -2.711177994912386, 205
-0.7185868973476488, 1.8377439823284494, -0.3767386888138671, 206
0.43380553563611207, 1.1186481498751337, -2.4208449725140384, 207
0.18264822832398564, 2.7208931007064745, -2.651139977465557, 208
-0.26769803101387485, 1.488188003615322, -3.328857630154423, 209
-0.1426525673711384, 0.44458698279673947, -1.759662930577194, 210
0.6383971375012507, 1.1120990804360407, -2.6433465135377343, 211
0.9962448631011271, 1.6714226930678016, -2.7600426382054115, 212
0.32350538221133207, 1.4317972350247223, -3.112216794080481, 213
-0.7716301521327515, 0.9989378442006835, -0.7529268832336499, 214
-1.1139036962356204, 0.020463187219747936, 0.4584625070590791, 215
-0.9046165528240867, 1.6302288365203939, -1.5178408966146542, 216
-1.23506938853407, 0.6416730296001711, -2.707729543731717, 217
-0.8958208447287013, 1.1848465992487411, -3.4384573933508316, 218
0.45119861737920397, 0.010093205197279354, -0.9895766953873324, 219
-0.09069168541544284, 4.229830754896041, -1.3985579746986003, 220
-0.26976298001829313, 2.873688210525958, -2.8344977541580123, 221
0.4410602730097878, 2.1724077327269304, -1.0266737295842858, 222
-0.28645448467705326, 0.400407448868377, -0.16159773336902888, 223
0.30842628266291605, 1.8681166516880963, -2.385609052354883, 224
-0.2352717132623224, 1.8768803812400037, -0.6120474216828868, 225
1.2367902671257582, 1.1672673334312147, -0.18796617954623776, 226
-0.4223999510625315, 0.41780306001561707, 0.13065372675564718, 227
-1.2611343293134756, 0.16362850674930118, -3.2702486143769347, 228
0.3926460904270602, 0.8659649136127004, -2.5806955264180806, 229
0.04641182125557858, 2.0400831250164417, -2.118589556431367, 230
-1.2340013652954256, 0.6627746557380739, -1.0440913824813267, 231
-0.43205542560548493, 2.051039948551318, -1.1027852157935112, 232
-0.15546274847252484, -0.06070199256612274, -1.6826171081558439, 233
0.7142112893999651, 1.6805305372558117, -3.0821518624111257, 234
0.23842043650292605, 0.03076363392176268, -2.9525973750744807, 235
0.7148214423175103, 2.3077350736223883, -0.7329529757451938, 236
-0.8173155307279965, -0.06157816029335317, -0.8552097287144685, 237
-1.7071151325378444, 0.7728683014252034, 0.22889709525783103, 238
1.7703949169384543, 0.0725825836317171, -1.2054964578162422, 239
-0.9880039674796885, 0.9970231128607046, -0.6451549703177571, 240
-0.6780509864907696, 2.497203879770578, -1.3586402191587945, 241
0.27744919708431975, 2.642937501406042, -0.4563668401570957, 242
-0.2769367845168149, 0.3107662718402875, -0.8234658341241957, 243
0.511530369115912, 3.5147367751170155, -1.5003340284128939, 244
1.516766067645216, 0.9173513322540268, -0.4338599211372869, 245
0.26675830485233576, 0.3797082986129235, -3.0215884442426555, 246
0.5487728838978844, 0.7888845145391151, -1.3538008720110377, 247
0.05081566214998556, 1.9198820166693702, 0.35275089671294546, 248
0.4795105151001767, 0.5914598778498221, -1.450246611562524, 249
1.1855072890777978, -0.034346547692238716, -1.254710077700321, 250
0.07640339811202357, 0.6806319843142625, -0.5507026865316051, 251
-1.3256903402374867, -0.833904665894737, -0.45749258333801424, 252
-0.796011843298166, 0.04944626180670181, -0.658974622620021, 253
0.73090582116794, 1.0294346493814661, -0.3951600545543167, 254
0.9874565147790356, -0.6638857141171501, -0.6795523929887072, 255
0.08504352165927699, -0.14480393612605455, -3.2554063496372683, 256
-0.01408547675590581, 2.070220341759362, -3.4717232517411527, 257
0.040987232315375405, -0.4543091138877198, -1.2505500242093834, 258
-0.11960661943793445, -0.3976508670769482, -2.8249389738325936, 259
-0.1608643092467198, 0.06738832300468373, -0.2347021968153119, 260
0.8200671559995174, 1.5582660751838768, -2.634096210438466, 261
0.40096109473654834, 0.8891482360449899, -0.7300746538759977, 262
-0.6222803860105938, 0.2885940386634578, -0.43436769805003367, 263
0.010169551913364272, 2.7099710712304987, -2.388756980816428, 264
-0.47225561136785044, 0.4942948830135281, -1.0315696483959598, 265
0.9832007814275807, -0.11478919290301406, -2.92526662549622, 266
0.15935912251137274, 2.5460315462578023, -0.1993713153168949, 267
0.17059019972119338, -0.7268222489988765, -3.7686627021119423, 268
-0.29620391381412564, 2.4354604444320214, -3.6110713257285028, 269
-0.1585167549091099, 1.1535692037031966, -2.555959915891866, 270
1.730153594606703, -0.1477497415732721, 0.3880482379953129, 271
0.5134147606077877, -0.04757119631501555, -1.5425743515420194, 272
0.47224005788800416, 0.9422866579419825, 0.02204801179597951, 273
1.925741230846247, 0.04332231224468314, -0.6452339529351345, 274
0.3870667206043541, 2.118631809080757, -0.8508861814194177, 275
-0.22830809921168, 0.2915583669377303, 0.04869511368265744, 276
1.2422072425065132, -0.0514933269820404, -0.939154824283311, 277
-0.9987899394238351, -0.057390006118687886, -0.10374442372993227, 278
-0.7163002162485155, -0.00013503570833481304, 0.5690566217869979, 279
1.3744390796659394, -0.4790317648173405, -0.9227358157302235, 280
0.7169072893064162, 0.33097253864737053, -1.1344917272827142, 281
-0.23832354020546087, 0.42615379797521546, 1.2945731778994012, 282
1.232553986854108, 0.46942876329035704, -0.06002741287294183, 283
-0.5862955576754951, -0.058557065342763504, -0.24234803832084464, 284
1.237299993666193, -1.3954089572072719, -3.7573196977630694, 285
0.2655794328153411, 2.3981397780927045, -1.5364594001764675, 286
1.119499914914691, 0.9929815833976519, -2.8313998688667725, 287
-0.7368799431535097, 0.6756629942529295, 0.0918322555360711, 288
0.8990915602054074, 0.053389240977231855, -3.024504827371179, 289
-1.1787328678648756, 2.4506766964346833, -3.453271069059786, 290
-2.552739979508795, 1.3625424133038302, 0.9972036582273243, 291
0.2950344509107984, -0.2879799149719964, -0.6771243126857149, 292
0.5253125922359604, 2.7483388460085076, -1.188296706175156, 293
0.2587688852887041, -1.0687131213508487, -1.002247692781113, 294
1.9094192321734489, 0.634315415640024, -1.3680780933463934, 295
0.7677508530564721, 2.8830208868320684, -2.7041525981398427, 296
-0.11164923426932082, 0.9408397577788424, -1.6023747803899384, 297
-0.45122385495733996, 0.9927478741458418, -0.7507594433123794, 298
-0.900040594064944, 2.4062293266805983, -1.9027033083757767, 299
1.6821099184183321, 1.3092379532238643, -2.7609136987544534, 300
0.04880866420273386, 0.989588898376538, 0.1624429251839924, 301
2.1597126096367245, 0.9280621620748716, -2.3584049232867335, 302
0.6628327671628427, 1.1784130340820966, -3.139585828766549, 303
0.9825141860060893, 1.9206967571911346, -2.8663287567513636, 304
-0.6071729955367167, 0.02644159469359958, -0.4001988036821389, 305
1.478387507377793, -0.20165608269037555, 0.06446077615005502, 306
-1.402547193924343, -0.2007816931088527, -4.117691570821238, 307
0.2623986137409222, 1.278912793264674, -1.772732911027423, 308
-0.9499056221548461, 0.9029178406754045, -2.8043917721405385, 309
-2.6220668249417396, 0.8586239744914468, 0.8901549040199923, 310
-0.5382466872243727, 1.043665625683145, -1.4960747682195723, 311
0.028843441442127, 3.8175649371304843, -2.0024598436348224, 312
-0.527225213927661, 0.5437520564771032, -0.15429223943598225, 313
0.22994004530913079, 1.7044834837983385, -0.9399053207649715, 314
-2.100641446119258, 1.393580374017843, 1.5006644855673779, 315
-1.2400171039521446, 0.41722722338912793, -1.232162065413517, 316
-0.9410217401845357, 0.7050901308870245, -1.4890835767631592, 317
0.7360753847638366, 1.2019957906353718, -0.6027122410360463, 318
8.835793434334299e-05, 0.018248369393182452, 0.3889269931284923, 319
-1.6204350282438589, 0.260836603240887, -2.046192223908381, 320
-0.19957406641523992, 1.6310262145250212, -1.605534088460943, 321
0.02620075858334958, 0.4080941663650378, -2.370771217634616, 322
0.0853318584212312, 0.06041912040901276, -2.1126946835765907, 323
-2.0080494138691165, 1.2116222896716295, 0.8131350719509303, 324
0.3578593782916825, 1.080577707217948, -1.26254376883925, 325
1.493671043190397, 1.2156341091995326, -3.1469171147467354, 326
-0.00513235657376665, 1.2564450830384541, -3.7301986895847987, 327
0.13990361938533014, 1.118842351715331, -0.7053186753799612, 328
-0.8445436187315034, 1.5511008494951457, -0.7471887206475171, 329
0.8305709436709626, 1.5450994083410217, -2.475881925487038, 330
-0.3313498501326294, 0.34323926262850174, -2.9904526673586354, 331
0.8719756550159004, 0.5883375009653039, -1.6576974363490284, 332
0.21296443877206978, 1.9913525842829458, -2.6772178644586604, 333
-0.04451434414576069, 2.117709905759398, -1.2173636482467027, 334
0.7570438439183843, 0.7663593152973964, -1.8527151729809515, 335
-0.4117009750768611, 4.841656743655993, -1.3696004854199777, 336
0.03609812892391198, 0.029947942276410178, -3.2135143590091566, 337
-0.761575611529979, 0.5964650670022145, 0.1373683891187506, 338
-1.6478883928813062, -0.12632930069585385, -4.4199611066129885, 339
-0.01109675584896519, 2.66170659364229, -1.5862360909124296, 340
1.5084308867255856, 0.7347396450812711, -2.2611837816999087, 341
0.1363912798064839, 0.746274115770911, -1.9967339832284323, 342
-1.5976730347650174, 0.00890840547337167, 0.5134388560384466, 343
-0.14107277381547045, 0.5413756504670916, -3.287080688753204, 344
-2.0117261162144127, -0.48569725193120267, -3.638160892059876, 345
-0.39893581075394485, 0.43257286729677813, 1.055476481802235, 346
-0.4972641077854921, -0.34649912310426173, -3.6352844488696268, 347
0.1228716125560258, 1.5344425196007454, -1.7597543669789701, 348
-1.1003521285740219, 0.22594537033809634, 1.6403268833012694, 349
0.8453455090916242, 0.47206813846126117, -0.9962015959051403, 350
0.8773345335334418, 0.44524117192006574, -1.5649981576029324, 351
-2.7197837732191297, 0.760918445785453, 0.6004114478645086, 352
0.2958129191520535, 0.6134001796057533, -2.569782792528258, 353
-0.21693388478443304, 0.2553092969511375, -1.3307361076866884, 354
1.6093473035347317, -0.2527337207197955, -2.629632376462946, 355
0.8796497976431725, 2.4351619150933947, -3.140622794158255, 356
1.8172572456612603, 1.0958205411547903, -2.1244855838924663, 357
1.4259718082851929, 0.0006110407764661763, -0.83901954548712, 358
2.1886741016485907, 1.6525531269724048, -0.7405930119332713, 359
-0.44863469654816435, 4.4170789338121415, -1.78631801578875, 360
-1.3765997258443559, 0.21298825783727882, -0.3420372211582177, 361
-2.131289989330563, 1.223848206234671, 1.7505725776765146, 362
-0.18220134657413123, 3.364377980682064, -2.1718581037455205, 363
1.8999887668973947, 1.0303580438942213, -0.22431794484640788, 364
0.9119056529579339, -0.234484665437061, -1.4088570480225027, 365
0.1883863735107558, 2.4990452731316237, -2.3104617841196147, 366
-2.1866588540874425, -0.21711043809475833, -3.262219647984792, 367
1.305087316312579, -0.19760523576465888, 0.13556395724770826, 368
-1.5357489990368685, 0.17175468864934873, -0.1888856337369733, 369
1.1503266836328936, 0.21851360194994385, -1.7652836168925687, 370
0.3569758089254794, 1.8795908649072217, -3.6034717669811145, 371
1.1728729953536994, 0.7343821564397554, -2.630071146806297, 372
-1.8428160434954837, 1.1875026720843316, 1.045298023095019, 373
0.3261560880577917, 1.402865471584115, -1.5239407093656718, 374
0.7333940925690907, -0.3625451103241276, -1.8897498418255854, 375
-0.11505325813369782, 0.6863990863896946, -0.717288412243767, 376
1.8808567713835236, 1.1914303796525767, -2.1238799165489746, 377
0.9588135904244195, 1.3869974860267709, -0.9956623405326985, 378
1.1454155861970967, 1.5775007350062884, -3.2982589924867045, 379
0.8917337160952478, 0.356163231398102, -2.399925952011086, 380
-1.2043831541049514, 1.0956459529921538, -0.8106565623483581, 381
-0.9768479411101336, 2.359468345379377, -1.3945791904058136, 382
-0.8392882797684673, 0.6241577361345148, 0.38114307235318134, 383
-0.837942419708967, 0.8196495690990309, -1.8757103079610833, 384
-2.4128450186164843, 1.2181550669158656, 0.969326343286134, 385
-0.40823979294741713, 0.697728707251603, -2.761610450869744, 386
0.7519080975832912, 0.2233171117587449, -1.8075029823732467, 387
-1.4013630462421178, 1.2152091732444468, 1.6073625952995358, 388
0.0735081397666294, 0.7495591699940136, -0.26454680271897263, 389
-1.8754761393740416, 0.8362354918376119, 1.624923738873349, 390
1.8997240534228008, 0.029410799159365897, 0.4913312826187438, 391
-0.5446935439176306, 0.35494283173348634, -3.821619627242797, 392
-1.7145437394898737, -0.04983049147835375, -4.8261906111843, 393
0.1524940819551277, 4.642211690299593, -1.1659659748224627, 394
-2.351206820451446, 0.16541696699536934, 0.3908078533841279, 395
2.491907192777636, 0.9250533650916033, -0.6515608995495409, 396
0.13249173136829462, 1.07218790366402, -1.6257976943398367, 397
1.0389630112725503, 2.2734970522954416, -2.408448623432098, 398
1.8382927525342923, 0.8624588491737291, -2.438371369328869, 399
-1.8698250610026008, 2.194766508394451, -3.0593405758740797, 400
0.8466267664479793, 1.4828463909417955, -3.210441601509038, 401
0.3993890480274138, 2.399392288802875, -1.223273461551796, 402
-1.2290989775877952, 0.20470483638025985, 0.5566687930555285, 403
-0.20889643024850513, 0.061957866701755265, -3.184200741005509, 404
1.0661595145692937, 2.302844674965885, -3.406923097378969, 405
-0.828601638058857, 0.20058351652815024, 0.9693234397050285, 406
0.14414635532620595, -0.5324723874027555, -3.429870235295114, 407
1.1991069939459669, 0.47537541555317797, -2.655177812762377, 408
1.0811615987473064, -0.30626672867242627, -0.07077459877356748, 409
0.6981912189733719, -0.8515592409474104, -0.9159757860069138, 410
-0.3833755251286295, 3.353615411951178, -0.42124343650214785, 411
1.7923573147392153, 0.5416350298975255, -2.435620868371157, 412
-0.10705908861369112, -0.8611845355019982, -3.60543788230828, 413
-0.7067103093246884, 0.30340025516739627, 1.6816182464763219, 414
-1.1592841923413797, 1.0530128186851775, -1.4502552903745287, 415
0.13642357495257457, 2.9165867570180266, -3.30480694799088, 416
-0.9247985990949732, 0.43395489315963554, -1.2564953466593474, 417
0.14377822946584473, 1.3398895624821825, -3.374576118259106, 418
1.7884050552376358, 0.4573520207431375, -0.14600038158652248, 419
-0.30437798073197453, 1.2678905305475854, -0.08845223379363132, 420
1.2505620296982276, 0.5167255486336713, -1.4340342973003288, 421
-0.18082764084593983, 2.6821254874231895, -2.8444498604520962, 422
-2.584105305692991, 0.5857546406614054, 0.5377986419594489, 423
2.131593110890466, 0.6381610263514488, -1.6780884885838194, 424
0.2968974561031212, 2.812677203715235, -2.599166267177726, 425
2.6455985780468914, 0.6281566482938566, -1.9173773701199894, 426
1.3820152444854512, 0.47719844562390024, -2.9424046709197724, 427
0.5186276046126636, 1.0653354067477165, -2.9194311386790783, 428
-0.7999728167868189, 0.22258196227019433, 0.433063591830361, 429
-0.939601449198881, 2.1101062602502165, -3.941649838925702, 430
1.6584398361657167, 0.20597953181027523, -0.8649864489154606, 431
0.10249521090779692, 1.3724437749298284, -3.831805797040127, 432
-1.819635265818088, -0.052956921063929935, 1.533597175333153, 433
0.12659364611564966, 1.2690193871231648, -1.4621605319274606, 434
0.1330919156657786, -0.9821895084385031, -3.143384217080647, 435
1.5438027508652485, 0.4354545950364007, -2.0977075102565865, 436
0.25727147109118265, 1.4858628422441171, -1.0593371228664497, 437
1.6160851697107406, 0.40148389076241475, 0.30801134468298247, 438
3.278720900945164, 1.0394063212302544, -2.180840205628013, 439
1.8155171551095326, 0.2177702484249815, -0.1924794475013354, 440
-1.109063670838806, -0.1346420948734434, 0.5748837862242364, 441
1.7616059834099296, -0.2499026494304078, -1.093814484358135, 442
0.30484238996132274, 2.3034633059872487, -3.6172603607599494, 443
1.5265505588483979, 0.26222920136971967, -2.0310779629465725, 444
0.013819482350611173, 0.616830059913031, -1.3507183564634049, 445
0.44947401688593797, 1.2003143211941383, -1.164860630980077, 446
-0.12573393809776562, 0.03740147504677038, -1.0988524383232647, 447
-1.9244204381577947, 0.6824147572389688, 2.010131652618607, 448
0.09654999089522487, 1.0288362652270258, -0.667761240233543, 449
1.5297140091136832, -1.504085302969216, -3.689719303599763, 450
0.45564865553630174, 1.5709429473140446, -2.757424167415628, 451
2.3591287990925753, -0.2550649070700494, 0.12291512615516276, 452
0.7654568480109333, 0.039302510141423774, -2.1143449769967457, 453
-2.8255125407388886, -0.13936820770557512, 0.5284707396961126, 454
-0.567778586447903, -0.8174055157935288, -3.725613429239065, 455
-1.5234478746506221, -0.23598177757822003, -0.6652109511362634, 456
-0.8284652872277217, 2.317219120392489, -0.45717441165954903, 457
0.2798600743964823, 1.1304670033476447, -2.2314938817885412, 458
0.9697019622997421, 0.9066021193178442, -2.2975632837502884, 459
-0.49377192437299644, 0.18767322937027198, 0.5915123941887686, 460
0.6020921000074608, 3.168214095259531, -2.783286746690707, 461
-0.0022708361069730953, 2.326640060085442, -0.6196000667330184, 462
1.130328802828631, 1.5302802996137548, -3.795555769848391, 463
-0.3438566503784403, 0.13089754347691518, 0.280951929128069, 464
-0.7325595629814827, 0.48244696792740055, -3.030204233840632, 465
1.0327934333104096, 1.1499726002849084, -2.3363829442315645, 466
-1.8345911662273817, 0.6544792398466779, 1.159091748032924, 467
0.3713211870062953, 3.027499656767363, -1.0560779213470763, 468
0.6487942985154669, 1.113469563395855, -1.591626840138265, 469
-1.020965725541562, 2.1166544474157414, -4.333534523882151, 470
-0.6757811508030516, 2.2353086141357, 0.15502106728797987, 471
0.5235587036949825, 0.5008289080662411, -0.11661113847980142, 472
1.7643143517749023, 1.5279076173499115, -3.1796020554513724, 473
-0.6703177834529155, -0.08665898004345418, 0.4205532689349139, 474
0.05326023729736706, 4.14681411406241, -1.4015762736770259, 475
0.36694073012485096, -0.5310471934532948, -0.5247072032810356, 476
0.956796374654385, -0.5546258969152524, -0.6881814582392303, 477
1.6636110317132937, 0.3485287259212037, -1.6794261992867874, 478
1.8705696287847662, 0.5205039941601824, -2.154329884841297, 479
-1.1045890144453545, 2.7228104355215175, -0.4335880885555148, 480
2.394707804357399, 0.5023983262987872, -2.6840286050214286, 481
-1.5729410945009006, 0.24270500140122483, -5.132880372566648, 482
2.394991019964882, 1.3042581404023443, -2.106840113684029, 483
0.5373421753405659, 3.7752912224906483, -1.9472070880650616, 484
-0.0912993458247836, 2.6116698637153672, -0.8143645490893427, 485
1.392266136211793, 1.8171696772675734, -2.0699196233032455, 486
-0.8516100951892118, 0.17309714274858912, -0.8530026037168686, 487
0.04690915845557819, 0.1210027423544203, -2.4196410698082627, 488
1.0180135421182932, 1.0103517648006166, -2.9731588975808, 489
2.3043687748586796, -0.26298049174700144, 1.4985560249168737, 490
-0.3472886667933949, 1.0135541381460331, -0.2662007863245578, 491
0.5558123109386219, -0.07869818984794179, -1.8459098002436451, 492
0.5081204397527684, 1.1234637808232841, -0.42985959801611806, 493
-2.0252670413756095, 1.4575365685448345, -1.5834187806834632, 494
-1.3717980694384215, 0.4754190848764099, 0.1650747526608315, 495
0.8047576231664277, 1.0591348356036916, -1.2162580767665365, 496
0.9697708537082694, -0.47098057712772023, -1.994157705405225, 497
-1.867983191806201, 1.8321203323435589, -0.45220584937573843, 498
2.1534226703654955, 1.4140420483451839, -3.944972144535144, 499
0.23882139540180747, -0.14146219601299906, -3.574952386706658, 500
0.5272886780807091, 1.8484967548686546, -1.8035441188507568, 501
-0.5221831643629266, 0.40140864433895296, 1.4813742057374066, 502
-1.8161638071271016, 0.03830745358265558, -1.0041212344458779, 503
0.39837894631348086, 2.2047078970721206, -2.105753323528857, 504
0.16005204698621098, 0.14856902338710737, -1.970696901546058, 505
-2.111740757900167, 0.404394464480583, -2.8591642145518756, 506
1.2489187423376191, 0.6709069349841332, -2.3572129803989963, 507
-2.7413639042686175, -0.6446359251193468, -2.8867660408161724, 508
1.506634544854043, 1.1365286058450486, -0.7109071241780565, 509
0.15513207271618135, -0.29104038454116665, -2.235695184594872, 510
1.6806271230913776, 0.46572268444082937, -1.6529461724933716, 511
0.25479786420169637, 1.2926531057615316, -4.169320468020764, 512
-1.628255650296707, 0.5240884841413186, 1.1370322909366226, 513
-0.9097588236561318, 1.6439811228732246, -4.177964229018268, 514
2.6877053129725827, -0.05963266690692848, -0.707486418970333, 515
0.26199016579188866, 0.24872647704979176, 1.2187114460736996, 516
2.208133974696052, 0.5205115913046638, -3.1234658016954957, 517
1.0648734140671912, 0.9159184710195962, -1.4266442639797516, 518
-1.0957946360920416, 0.09636924148315873, -1.1373873154175391, 519
1.742682361725525, -0.23105134355552048, 0.4658434766697566, 520
0.12435120135017573, -0.44773268873900607, -2.8729746476441185, 521
0.10621501439908948, 2.556275742998621, -1.8199643156385006, 522
-0.29159726130017655, 0.9615470473456469, -3.3534585606226814, 523
-0.9366844912606845, 0.7361085991570495, -4.30515617817132, 524
1.5685995866885964, -0.2567077939709387, 0.4811458032710233, 525
-1.122515054648479, 2.8476017882568825, -0.1174846565096157, 526
0.010595606543995273, 3.8510193971330784, -2.1507604550557677, 527
0.2746632242504441, -0.3879533608049341, -1.2810856519089469, 528
-2.383087895575173, 2.2773317279517347, -2.99950684028328, 529
3.2657317783669186, 0.9960714527112784, -2.1660137038965392, 530
0.6486844081475693, 0.813624329271615, -0.8206493414197373, 531
-0.7171229338213535, -0.006830379457086588, -1.5829067466650202, 532
0.6715424424878742, 2.0129532355884323, -2.1261685463608324, 533
-1.8587184393371274, -0.5638651365703646, -3.934363039746074, 534
-1.022493486813612, 0.4228301258883179, -0.9591888311105619, 535
-0.6470394176065504, 2.944874675248393, -2.65076514269375, 536
-0.2800506028045312, 1.382300800438443, -1.0232722579430655, 537
0.2686352227320159, 0.17336797830173029, -3.886328052610856, 538
-1.875490336018884, -1.0675817201836988, -3.704238584257803, 539
0.5580064160761724, 1.3181727298080268, -1.2699023213637095, 540
0.013191650364133362, 1.792934034015385, -0.33233033825685476, 541
0.3502446380495571, 2.887623780556173, -3.381876326774598, 542
0.4641682081535988, 3.2433671273883293, -3.8296167920512905, 543
2.326701438411342, 0.3931178275355155, -2.4347511431264013, 544
-0.9239945987975516, 4.464210408445893, -0.7372702923098011, 545
-1.2820411721713187, 1.4005418438154578, -1.4204411672634507, 546
0.1893280261796978, 2.9450064362849364, -1.3303934638057602, 547
-2.065779104442592, 0.002817499489945363, -3.3080107195098, 548
2.030005652651533, 0.016138809594697046, -2.6677458055098087, 549
-1.1088236861239256, -0.693091585337529, -1.4697134658744706, 550
2.8276334653494075, 0.5349745871579066, -2.3220467061345866, 551
-1.69547451388844, 3.5348109789670117, -0.41278381448436335, 552
1.2233939946235968, 2.160179986944538, -0.8333531838175445, 553
-1.885330163585088, -0.3648101271755684, -0.2109958329749423, 554
0.6582313407277802, 3.3730892430334927, -0.355572208978971, 555
-1.9389914502050971, 1.817985001666082, -3.0394266884955994, 556
-1.1482506018229075, 0.054096077142983534, -1.309895013205572, 557
0.5961369242104346, 1.1253080018749761, -1.9078805257144351, 558
-0.5545731285552405, 0.8667705736305131, -2.996651857698188, 559
0.7323823710942555, 2.0288147395628133, -0.36305388192037635, 560
-0.3995597437291033, -0.2764387059072228, -2.09258076949532, 561
-0.6531785640518133, 0.36664995879444795, -2.2765977411516714, 562
0.1528369398647127, 2.2507247212063657, -4.066353533470976, 563
0.022706091508160928, -0.8773292141654083, -2.738039829959125, 564
0.6401261619974565, 2.494994925331788, -3.9770026100773954, 565
1.2873204464214507, 3.0937887299451425, -2.9182612384515596, 566
-1.1443005615688138, 0.5481468904390294, 0.7386635632419087, 567
-0.11566033772426487, 0.0905748430427059, 1.349182644610504, 568
1.3383833839311101, -0.6149557090861253, -1.4848055887873102, 569
0.8686139944227136, 0.6817985480268978, -3.0794775969128794, 570
-1.9560818286779744, 0.6194473238660344, 1.2367705026044267, 571
-2.4276638612675274, 1.4476737810434839, -3.146184473775527, 572
-0.338352045741599, 0.19042019623710926, -1.2195734828057245, 573
0.03530272579110133, -0.43116358735653076, -1.610384924410707, 574
-0.8840742688310665, 0.5705877061081456, 1.5565302418392033, 575
1.0386815351392444, 0.6179176843129195, -0.7261717344949828, 576
2.283136152645328, 1.437613829903068, -2.5732114868371077, 577
1.0042063071290654, 0.46227682032310596, -1.9128871037810202, 578
-0.4485723543086873, 0.9619133242085487, -0.2700533713069241, 579
0.06572508718224185, -0.225059502686001, -1.4259319556470502, 580
-1.385074213150534, 2.7809593661099017, 0.08498921552911165, 581
-1.7233788299307928, 1.232863531327287, 0.6383086103552542, 582
-1.0081006993607422, 0.8783338386984213, -2.411148453864291, 583
1.6262228242689174, 2.180849987395333, -3.2343806262232784, 584
1.080625782662999, -0.04480042208859503, -2.5584005993732215, 585
-1.321822955070861, 0.6495290403210954, 0.355081775567076, 586
-0.8236381522522307, -0.02100524018029487, -3.0280430801467895, 587
-1.115021585502527, 0.8204351200643902, -1.764363971540221, 588
-0.7039537865750018, 3.726172286497072, -1.1349653236732877, 589
0.6888638825638821, -1.0189936420972485, -3.8718281184395287, 590
-0.3222990348974457, 0.9070526806811468, -0.6037945522640491, 591
0.09776248738132853, 0.05933430689131031, -3.9020059877215214, 592
0.601428832563761, 0.7854096543730844, -0.22353047869579806, 593
-0.9162849066450229, 1.461902826622314, -2.4260542149199966, 594
0.7124576136450442, -1.1462367572179688, -0.5972325617816332, 595
-0.05112407802310129, 3.0829293447690405, -2.0131090393588744, 596
-1.042815950220238, 0.5232257416059214, -3.3168210120627086, 597
0.3615793953742717, 1.9000386929323345, -2.322936370495171, 598
1.0295205266445655, 2.251317095600076, -0.7102908942476313, 599
-0.255859681797297, -0.7935943093614788, -1.5479632343869172, 600
-2.5217651274847106, 0.5350440158519647, -0.4585792834191652, 601
3.488405044082311, 0.5110501213248797, -1.7508343351932385, 602
-0.30551046960601, 0.9972553160216558, 1.415726268908934, 603
0.229369195101342, 2.3313068197633275, -0.3220840922238241, 604
1.6175279485952134, -1.4002995842455763, -0.6842375130838442, 605
-0.9668600464333241, 2.949593076845407, -3.915712393983594, 606
-1.5470590144801966, 1.7637393024387815, -2.5724445268784097, 607
-1.4878979300814243, 2.8207288958687076, -4.176319679968223, 608
0.27500029308316076, 1.3097842417682566, -0.148707883075317, 609
3.0923875817659736, -0.0318586517324649, -1.2064102579236256, 610
2.875608324394947, 0.7417672695166944, -3.118236148668344, 611
-0.9123398362338038, 0.4179530200941844, -2.52445289907108, 612
1.8723340553644905, 0.08467623483050146, -2.582845681238884, 613
0.9892478763301574, 2.996356987210266, -3.8811454804715635, 614
2.9277359148358597, 0.038949795821894465, -0.5310728567667835, 615
1.976092495464355, -1.0694451064617905, -1.6441682700709364, 616
-1.9369419850622673, 0.09669803318607784, -0.09620423581151388, 617
0.5571600232230646, 3.6696284617220023, -1.541286469186094, 618
0.9957724629515243, 1.1821357561337267, -1.3496586854663573, 619
1.2335654173836272, 0.1598204234427013, -2.183515974975358, 620
-0.4820020402812393, 0.04440111133954622, -1.5206696576864522, 621
0.2676542136883331, 1.260928245447688, -0.7816929021858785, 622
-0.012216352691793421, 0.8367238234965014, -1.2284321049227906, 623
0.06958405855671729, 0.6470127360107768, -3.0201731837984283, 624
0.3619587414369597, 0.09850028360020735, -3.050260272640154, 625
-0.45628202488517333, -0.671410905477475, -1.3118954504061362, 626
-1.2972008037601706, 0.802384321920261, -0.45507397019611207, 627
-1.5165673422751322, 0.2588492895669322, 1.6677090462856963, 628
-2.6907704179871312, 0.06672802765990571, 1.6521485509605063, 629
-2.4232594315288414, -0.17269943338474536, -2.3961453467159934, 630
-1.0384947887629232, 0.10769286268243825, 1.7821984434506324, 631
1.2063122368680688, -1.7480981838162466, -0.9425769183660582, 632
0.6277872608827317, 1.6226552626002109, -2.0104667544274304, 633
0.23682138322477886, 3.023865157173971, -1.5700978780300148, 634
2.275386516876407, -1.2446393287794453, -1.4579738836204397, 635
1.3207722687638297, 0.9275867047932382, -3.291728563606479, 636
3.0956445825973873, 0.16355560279175752, -1.7312348194614637, 637
0.8859260113585032, -0.39139404718873666, -0.8234796824461905, 638
0.5287724674921551, 1.3848026986839488, -1.7833154600833958, 639
0.9286729543224235, -0.392526959427982, -1.0760954599860029, 640
1.1219277139339892, 0.27167007976405977, -2.1310120807377673, 641
1.727424125447087, 0.7847303294547059, -1.5214058758194033, 642
2.0927623707770153, 0.44126175194195993, -2.5590747481236464, 643
-1.0435838641191402, 2.2782255127151436, -1.1799967146026635, 644
0.7755137069560332, -0.13214684110530267, -2.9058597745791617, 645
0.061554344787342986, 4.401669767620301, -0.8521344012404196, 646
0.23012452216630133, 1.7614680194034427, -1.557927504581657, 647
0.7684601135325705, 2.5176114170173944, -1.046548645193916, 648
-2.7100624085783767, 1.031805414467102, 0.3260370734282275, 649
1.180968002344363, 1.3047212792436984, -2.431250998916829, 650
1.933007981558819, -0.6131562898992037, -2.8360348894815295, 651
-1.2127710632364703, 0.7645259869940045, -2.0580856591869567, 652
2.0545833737518353, 1.8640379691211622, -3.1285813148550807, 653
1.6370291001189285, 0.6439737852225789, -0.38138592164863094, 654
2.1790492846493033, -0.6502832986209138, -0.6005837185392024, 655
3.2573093169883833, -0.2718359082954612, -3.01831212664376, 656
-0.8996750854875828, 0.3941578491847526, -1.9557666249441352, 657
-2.515332896518026, -0.052779413491132465, 0.38930400996757597, 658
1.504759582349186, 1.5728509474720802, -1.5800101101855646, 659
1.1599180724893208, 0.3407698265424002, -2.5358415155596994, 660
-0.9404291032216154, 0.26942728601771676, -2.945426534245304, 661
-0.8785195966314555, 0.7590635388724822, -3.1866337789247248, 662
1.3433374597508285, 2.327004543360613, -2.730725697607562, 663
0.3343992592720234, 2.0980301186761015, -1.536486504583209, 664
1.064801048586005, 2.998343071653867, -1.3609010383206839, 665
0.3494158602532385, 1.4982132977040235, -3.214194281711722, 666
-1.24678452814162, -0.21162625981191602, -1.1889608811775338, 667
-1.383107232411684, 1.8130795569618048, -3.165736618291007, 668
-0.913048582189941, 1.2552417299709961, -4.165804335756594, 669
-1.2090474567308116, 0.02172628826246674, -4.3198438627950075, 670
-2.943742437554465, 0.09252399433688552, 1.2220773039036827, 671
0.10939698168029977, 1.2467605167345663, -2.5358141848089035, 672
-1.7020524778985344, 0.6543464988261926, 2.3315775621453803, 673
0.7751294722219654, 2.6413359617202246, -0.8046621960360489, 674
-0.3798915193424193, -0.6507686463924505, -0.6165794835777632, 675
-1.2788645676353019, 1.762851161251187, -3.792552176704628, 676
-1.4793163650237549, 0.011424560333777915, -1.0527145979070507, 677
-0.0982580216258501, 0.8673709931095259, -2.380538949867515, 678
1.4019436332506086, -1.75128946016799, -0.8715725190375938, 679
1.6082808595381994, 0.14980680237270932, 0.023776188394664388, 680
2.520844772143446, -0.47917776214775165, -2.5311009347153184, 681
-1.5567678881858185, 1.9083759921739756, -4.3774007509219635, 682
-0.1727130378343431, 0.23448152977192555, -2.033925758248421, 683
1.1957109281634812, -0.5908232592952198, 0.39352833236685936, 684
0.8304972309040254, 1.219072679889273, -0.12671472213602025, 685
0.5385801996438129, -0.15649588071172074, -0.22794940864953234, 686
0.6475225529670783, 0.11918819269745577, -0.25619284826530386, 687
-1.474686105409673, 1.2205684465520639, 0.8132159044965177, 688
1.634374305804417, 0.13692010006991157, -1.1156766278715093, 689
0.5476678260185152, 0.15624590169956146, -2.341559132981293, 690
0.14337443549451034, 2.3398213322338455, -4.0830510142217005, 691
-1.436381161892648, 5.098150110437598, -0.776048351136296, 692
1.0776191761614524, 0.13108226945153156, -1.7059894602150854, 693
0.9583899344747395, -0.9128154487978317, -2.5483199901712217, 694
1.5380875104998055, 1.1180073355937412, 0.1690857296881847, 695
-1.948057356106485, 0.524031467217863, 1.7535091474825415, 696
2.3440933476410217, 0.2956817963145168, 0.3250492732964197, 697
0.30340321596022723, 2.417398498953326, 0.19952600440673912, 698
1.1319365946180007, 1.4677561660574439, -0.648484154635786, 699
-2.299235653935079, 0.35606564999438134, -0.7057713995656159, 700
0.8140669921359126, 2.1727808371269663, 0.46554360998962063, 701
-1.4712950825167748, 1.2206618553981419, -2.9371421476098014, 702
-1.9880508210733192, -0.9938918533832495, -3.5747261010465508, 703
0.07027497464622595, 1.121980225060865, -0.2766815997177782, 704
-1.3513440186315582, 0.7287901395344362, 2.230365601884777, 705
-0.9953850942835348, 1.9866563386825649, 1.0207216770535692, 706
-0.9123623729277854, 3.4427474645290093, -1.7155044448440413, 707
0.6507883393638545, 2.4743670696447397, -1.3212068063545594, 708
0.5610510792745459, 0.08992774556982641, -2.5897380314211507, 709
-0.3574171421087353, -0.5638537022326398, 0.5507215484079262, 710
-1.374749612516269, 0.08217302652779235, -1.391637675184954, 711
0.020874056211215172, -0.4911511403955761, -3.5075478251595342, 712
1.0559289570460595, 1.4426923016412896, -1.7510424851080313, 713
0.04768826698689624, 2.260063269435411, -4.124913752809846, 714
-1.399714030134467, 0.7584139567334429, -4.1552759442510645, 715
0.3199103751576432, -0.4819883201275093, -2.0851199804925082, 716
-2.4736655952144555, -0.9150463654397134, -2.4673433225115153, 717
1.725382355586489, -1.625939554010169, -1.2439948025083065, 718
1.9686693885924034, 2.0091904960197735, -2.589188531906955, 719
0.03107045809692197, 4.088414274601554, -2.196951171506232, 720
-1.1116148947079056, 0.471032940103002, -2.0317285928939626, 721
-2.650592044151461, -0.00519099525065525, -0.5991089039052719, 722
0.46414760434828845, -0.09586512727513774, -2.1128789088368047, 723
0.47295408960008106, 0.3064635148284693, -0.6921417430207588, 724
2.5757072045981944, 0.5487389566916656, -2.0559224011347466, 725
2.106288061066222, 0.07626668424470961, -2.1329205638677378, 726
2.8902801495085106, 0.3514157395374452, -2.7949542702514574, 727
0.05779992977108944, -0.9990833403078285, 0.5031303671814322, 728
-1.8400215163346723, 1.5867963821257725, 1.8058579419993201, 729
-0.2853110286357216, 2.116601666855419, -0.030346819411714687, 730
0.029482383598347095, 2.8327076238782065, -1.126378287518889, 731
1.6105441952663222, -0.8656844509752206, 0.7624857374277453, 732
-1.09578729269733, 0.47448627544571, -2.290690131397965, 733
0.4401488695505579, -0.23198541916392987, 0.14768585038571305, 734
2.269116312307515, 0.9670747473400296, -1.9115075493779004, 735
1.8744722179603706, -0.45247531877861813, 0.32112212839265686, 736
1.9520793221367156, -0.3884270844659829, -2.410010687149441, 737
1.9483668870738857, 1.397113182495433, -1.0080427102415284, 738
0.07748150749882184, 4.049570536860142, -1.1710273453293145, 739
0.7432450508970319, 0.7179590446871554, -1.1705907871143664, 740
-1.4664156718498682, 0.24410573698153315, -1.5246868714990032, 741
-2.037509385819492, -0.1761618686982805, 0.3071841064964242, 742
-3.1392265314092183, -1.4244611709420794, -2.8551699144829636, 743
2.377973462289682, 0.8462134517377824, -1.2886265261247942, 744
-1.6015219515396222, 0.0232165919984083, -0.6144234449226231, 745
2.627477456581124, -0.8081400195054211, -0.018883403187515413, 746
1.679811557525472, 0.6075038968788935, -2.5657192728010068, 747
0.07620433870849237, 1.979596678170888, -0.38266721944489224, 748
0.022931893344980775, 2.052660491545615, 0.06699728200853583, 749
0.9081664385799676, -0.12402807714399804, 0.088606352666067, 750
0.1416497943137447, 3.5093473328212923, -0.6932012298508659, 751
1.6445496056504108, 0.2087728285475501, -2.622934295131309, 752
-2.684486711905523, 1.255601661316394, 1.6807794072423283, 753
-0.9297160115206818, 0.3285380223582733, -0.5070357981562696, 754
2.4611280841708485, 0.17658657572272296, 0.9648183492433828, 755
2.802367839938929, 0.5753210565074423, -1.930238228433546, 756
2.48677852240693, 2.619927379573096, -3.240499639161049, 757
-2.3379236967754835, 0.3910353076273072, 1.1526548562324541, 758
-0.10033235655652029, 0.6128334330021945, -2.161700674171125, 759
0.8005206305339247, 4.1773697231068665, -1.4311568766817573, 760
2.3729779985994437, -0.21308910295198769, 0.9727574588672135, 761
-0.14113507227879807, 0.9950813548870354, 0.03859149138931606, 762
2.8222226491606714, -0.7064706556364617, -2.177981442471596, 763
-1.7135887978238538, 0.7621617541999492, -0.4248709573815457, 764
0.7027441764515439, 2.1868780287257907, -1.0243232381791194, 765
-2.3193712483240336, -0.0440138683187673, -1.4448576379685758, 766
2.127611724838818, -1.0360240488268673, -2.945427818444142, 767
-3.1636304471830647, 0.1425657643333993, -2.9209528677884564, 768
-1.1950735591911257, -1.1463827074848505, -0.5457653849255167, 769
0.7643648525082196, -0.8453760406668014, -2.2743375850129914, 770
-0.8460706367011412, 0.5973389992097826, -4.679960851104448, 771
0.26202654929386865, 1.5992702371785275, -0.8160237983652092, 772
0.16858650177951606, 0.4527049633094992, -3.6649502422887172, 773
1.3937862893199195, -0.21827642230055272, -3.23999909964284, 774
0.9200169991119787, -0.018591580821058495, -2.1587890982371123, 775
0.12824148436317226, 2.7433670924605646, -3.2110898155226715, 776
-1.365686163796576, 1.8400516169542767, -0.48058105364712506, 777
0.562082221771611, -0.5153419348898789, -1.1851958972325645, 778
-1.3240813901755204, 2.347212429103595, -1.657585097212638, 779
-2.3622444979048636, 1.1789265983573882, -1.0377645226664614, 780
0.5322782178167796, 1.3228067938606851, -3.513033314561573, 781
0.8376987873658313, -0.2078697113662713, -3.1051609643918416, 782
-1.2920628058371075, 0.03675451086995081, -1.88769410046912, 783
1.1699707052491695, 0.23551776464693397, -1.401685352604708, 784
1.000077440393943, 2.8165385217043633, -0.7845894690882922, 785
-0.6986088809186429, -0.3353601785161601, -3.034612815658775, 786
-0.8280845875525524, 0.7198564751463951, 2.278475910503772, 787
2.665715881609027, 1.4247104626040272, -1.5974601784300366, 788
0.20379472657040343, 0.7888187655677958, -2.224800458689711, 789
2.109284245256365, -0.39226759105752423, -1.1783402419617814, 790
0.9545733547717603, 2.4066339356640922, -2.5452119705941074, 791
0.36347593640946985, 3.653482720466399, -0.2454481757889922, 792
-1.6615977387758523, -0.9572559679370172, -0.7225741768661258, 793
-1.0104646113027937, 1.017004577944309, 0.4346524743957949, 794
0.4354463026739393, 2.347659569618422, -1.9904471864321542, 795
2.532449050582474, 0.9952357010049954, -2.25793214543234, 796
0.519853704053358, 1.426605391308304, -0.026792197270223972, 797
0.21139032414396153, 3.3376505535850907, -1.3412334197419806, 798
1.9565219257305038, -1.5647019443022039, 1.0878674299530953, 799
-0.8777280517446031, 0.0945354309304402, -3.23289634011414, 800
2.9089412499650042, 0.2877740619599827, -2.930400928408087, 801
2.25563237280517, 0.12691439793980802, -2.0993401712668063, 802
-0.06441333010710376, -0.20433499319865245, 0.24395385136544387, 803
2.299541986156347, -0.9768719422257552, 0.6127801464703291, 804
3.5481706437551397, 1.775063488394542, -1.7767966227834486, 805
-1.2239010920193603, 0.6809803162229008, 1.103819550161409, 806
-1.7315916116984265, -1.153763050645713, 0.6905063734137065, 807
-0.06401840186408622, 1.4077518836294474, -4.240240540997966, 808
0.2981190164806713, 3.098321415540239, -3.213747409533319, 809
1.0326602262115654, -0.1305084383654641, 0.5805052067032699, 810
0.4422357870299729, 2.1253094830459203, -3.660772183968754, 811
-0.03665328427315584, 0.3665471097816599, -1.1157575436249156, 812
0.8655145954315812, 0.8513682004582963, -0.5084654047959696, 813
-1.982030546922395, 0.8337481783871759, 1.8087963166044363, 814
0.9493010275194822, 1.955261749272442, -0.05527830127226872, 815
1.523493698173303, 0.5891166510608654, -1.7936457618632262, 816
0.014571675004145968, -0.5310718116376192, -0.3936860269042682, 817
-0.5305003377664336, 0.641332765348229, 0.37283961903831697, 818
0.48490431795049843, 2.4252238313525556, 0.6901600825188365, 819
2.4247117379631913, 0.2864950005415291, -1.6497776684961047, 820
0.6075375309874455, 3.456358081377681, -1.828617420240202, 821
2.1751036240582717, -0.32159928181042774, -1.9150056247301337, 822
-1.304139475160239, 0.422541954811411, 0.8303642249936541, 823
-1.6455400814321222, 2.303682887244219, -2.3940879448314787, 824
0.541598748786199, 0.7832415290866204, -2.1867721893964287, 825
-0.9747044320733099, 0.3643792939142036, 0.7855647639108289, 826
-2.384035506700285, 0.45853125371646747, -0.5328822155173278, 827
-1.3043954677256595, 1.1615567474368294, -3.925377609448889, 828
-2.447584008718103, 0.38952383444108896, 1.7203633635229325, 829
0.8202658017501061, -0.2099560161712497, -0.26696094147366817, 830
0.11756941973946954, 2.1047291834971045, -0.872691454473695, 831
1.7808531446021794, 1.212853975578711, -1.0714649192258725, 832
1.0367774332784205, -0.9329482747946347, -1.2756057730517223, 833
0.32777744710621226, 2.808362548615129, -3.5173177143766505, 834
-0.30383957535784745, 3.2934053225586224, -3.355608496768391, 835
0.9128964747796535, -0.6095373774264287, -2.8306440689295167, 836
0.7164832806174003, 1.052616087802027, -0.8726379527233838, 837
-2.5935416619151686, 0.49687870360933584, 1.3093349524954385, 838
-0.9182089315185977, 1.5347911090836914, 0.09484228928297578, 839
-0.24817376338834019, 2.434943807101293, -4.485094879025126, 840
0.33115276370279734, 4.853922986237871, -1.1137034337844616, 841
0.2944905546635503, 2.277039982222623, -2.6019131650208918, 842
-2.0510556736142957, -0.2067466103368853, -4.959143753032303, 843
-0.1550031322079904, 0.4228217100825894, 0.9140377849487882, 844
2.1861508628699733, 0.5792733006708969, -2.083962907160778, 845
-2.2479974720828415, 1.9653059322345081, -1.383451926937525, 846
2.046037984201161, -0.7879419694883328, -3.1906387800991904, 847
-1.977485058470432, 0.08113745647838565, -0.6325023721696706, 848
1.4976991918147717, -1.0415987854849813, -0.6740249519165862, 849
2.7953455587413396, -1.2661177528509473, 0.347496352735151, 850
0.27537380970560016, 0.48538340384573564, -4.701344830956554, 851
2.0485672438588978, 0.27996995638119465, -1.7059221070139867, 852
0.6774009918506843, 3.656379913302045, -2.6029529437723005, 853
-1.4266209798514042, 0.3676513373100436, -3.8219901814690758, 854
-0.001969551489159227, -0.6262885244531975, -3.9256122248284555, 855
-1.0584608564738036, 1.2295865612234689, 0.5862175932212512, 856
-1.1033765088686431, 4.055495965219148, -0.7292571072494266, 857
1.2643655024738558, 0.16332806724129678, -0.16760491925321996, 858
1.455863475115391, 0.9073187800084691, -1.182116699970363, 859
0.21714834086685653, 1.0346231684303733, -5.081494189165847, 860
-2.5539662878810367, -0.29707157931888567, -1.0306050438418115, 861
0.7820784124326428, 1.4304111158210495, -2.1737973166042446, 862
-1.8544911394036965, 2.0234444494767643, -1.768152912413179, 863
0.41260384076709433, 3.2071056811310314, -3.5137935939284923, 864
1.0682030211059743, 0.9946667672492961, -0.6561354585673927, 865
2.6183462756983915, 0.9383465692094254, -2.4521515010496295, 866
-1.0510463459850548, -0.24856595380051044, -3.704099368801236, 867
0.2833530484668939, -0.37367716562906605, -2.9835657081186593, 868
-0.08222869609851113, -0.3404755580092711, 0.6763187497419779, 869
-1.9312393056841894, -1.3145536869324568, 0.5903820603483172, 870
0.5668187774566313, 2.8886145530010707, -1.717698573227761, 871
0.4755458683709336, -0.022837160974780057, -3.555705566562364, 872
0.9144190349712777, -1.9607959217945405, 0.5498172434136427, 873
1.9478760200777012, -1.0874726464333535, -4.711520173269767, 874
0.17614707988997824, 1.736247540792113, -5.235620403436873, 875
-1.5500528596846541, 0.08069719210314674, -4.10785879364686, 876
-1.6760743204216588, -0.10859422385107578, -5.329597245076976, 877
-2.0077992146070636, 0.8918384975791223, 1.0381526980361955, 878
0.214656375591747, 3.606861610408683, -0.9597599163601942, 879
0.6119260564461783, 1.0732028985783881, -3.396059039832876, 880
-1.5919821312328293, 0.45280024237328864, -4.169922143101003, 881
0.12661077789367453, 2.000077604704488, -3.3951993805984375, 882
-0.5859721171475378, 0.7183604473445628, -2.0795164232318446, 883
0.21715899339594444, 2.3848992177648185, -4.494917083638521, 884
0.7573022469048071, 2.176361288141362, -2.832642144177214, 885
0.2752733018872584, -1.4876993898041093, -3.7805216385969915, 886
-2.3454224435316577, 0.2922101582643205, 2.032365159227407, 887
0.6851926083871189, -1.2603918776837337, -0.6448192932486629, 888
-1.6306181376630597, 0.6040425073743898, 0.7134787373843711, 889
0.8838219375562608, 0.21167479533575362, -0.6232934803842581, 890
-0.4873602094227703, 0.5538595390393235, -3.478929476855535, 891
0.5006500181390118, -1.2173273187780718, -0.9211523207066241, 892
1.535749387959487, 0.6095216184617636, -1.2070620770467337, 893
0.8624207470871933, -0.022078599340518503, -3.9821642651024267, 894
-1.233362638047342, 1.1169150064351632, 1.8230469863141854, 895
1.0421155129686144, -0.3263435000464439, -2.191290626531683, 896
-2.619978600038916, 0.3734692255430792, 1.2978509946138423, 897
-2.7614035404748325, 0.37919561682239433, 1.8810684110852933, 898
-3.3508019844965626, 0.506232211719596, 0.7558233575430103, 899
-1.3822717145406367, 2.1266858313329533, 1.9069785820484757, 900
0.5011616253791085, 1.6838318505307277, -4.111646895738665, 901
-0.4377587682997539, 0.7340407860724301, 0.5980660872440868, 902
-2.921596115062763, 0.30591903949439514, 1.3494236938909219, 903
-1.1069830788015895, 0.1349357435041329, -4.5953862506304075, 904
1.0643043438347977, 3.679566340498563, -1.4175102156590687, 905
-2.8376804066103944, -0.07924137682315406, 0.7936196671165423, 906
2.043959072800372, -0.5142310511275052, 0.5788949454444232, 907
0.5375675376711775, 0.5469347585779795, -1.0370194795223329, 908
0.7671068109534944, 5.059881880148206, -0.8326442644399348, 909
1.75112211615791, 0.9614482923169583, -0.7585902125894619, 910
2.3353871915455016, 0.6700531514185998, -2.292969024637679, 911
-0.31832832662446886, 0.9370205469226978, -2.0401049292631526, 912
0.11765457363785321, 4.444429733108276, -2.393261249801763, 913
-1.5658747342906665, 0.5107845530971444, 0.11175982801682616, 914
-2.8247720573141106, -0.1928180973712272, -2.349302310048518, 915
0.5574109650062239, 2.887710342236062, -1.4259864865283896, 916
-1.2931975684247634, 0.20637887254192425, -1.9285069785117142, 917
-1.69726909109818, -0.13515019989175303, -2.3498507140181863, 918
0.25566764736205744, 0.5504488110062663, -0.734017227389495, 919
-1.5370608629259734, 1.050719496249693, -0.7879326132639567, 920
2.4184370427029642, 0.7749370866360143, -1.555650819967566, 921
1.3276477397976225, 0.9043737682252094, -2.3074048507271177, 922
-2.038580959293577, 0.016163947298798553, -0.16359338439401716, 923
1.5796067551168287, 0.16524366011105562, -1.5955518542335991, 924
0.37862509439573155, 0.29671038732134053, -3.8183014428240267, 925
0.7895415648209102, 1.814535133739674, -0.2662338338103452, 926
0.8739135416435524, 1.5527406822706455, -1.8413876600997927, 927
0.04827104792139103, 0.281403886130006, -3.3817833848099674, 928
1.5669478247523734, -0.5023119177471393, 0.005249466856778934, 929
2.299701713488283, 0.9099324048040661, -1.9744699078658692, 930
-0.41982310793827626, 0.039214036351721215, -2.1134152458760544, 931
-1.0824047817180182, 0.38869244068551334, 0.19750138127129266, 932
0.37615202737398956, 4.798559023876665, -2.1973873712195156, 933
0.6616083581763019, 1.7503191213319953, -1.0534705264585769, 934
